sk_movie_review_id,sk_movie_id,nome,nota,comentario
e46979c9f2fbe0fcb603bd611b3a72dfdf833598e0179aaf73b636c032eb143d,3f0acb08ae376b5a7ab5d1408fcfe1cc71bf13e78ea599ba8e475ab6f22a788d,Ana,8.5,Uma história que fica com a gente depois dos créditos.
a6dfad926bb46216c9760fc50faa5e54931e681423355d967e89c0e832e1b1db,3f0acb08ae376b5a7ab5d1408fcfe1cc71bf13e78ea599ba8e475ab6f22a788d,Lucas,7.5,Vale a sessão. Gostei especialmente da fotografia e da direção.
8ce8516f090aefb1002483b2e9d248afd13b36724371f26e2148ac66c97f3231,cd090bc97ae7ac9ac847ec0cb0c1c8315ff8b785380c7d61613c618e2d8dd47a,Ana,8,Uma história que fica com a gente depois dos créditos.
9005ddc67c4f37989446d929ca58fc4d210a5b58c73b6fac603014330f092669,cd090bc97ae7ac9ac847ec0cb0c1c8315ff8b785380c7d61613c618e2d8dd47a,Lucas,7,Vale a sessão. Gostei especialmente da fotografia e da direção.
44a7ce6a899c5b93541e363f4251c6dd620f6876728f22e5a8c013fc194a3d16,a7b9cd849ecd840f045db122ce8096a9115a63ae369385925213e63d48c0a6cc,Ana,7.5,Uma história que fica com a gente depois dos créditos.
184886e2ab51a8fc8950c591ac5018ee5e910b3172e62e0068b296bfc9e1db10,a7b9cd849ecd840f045db122ce8096a9115a63ae369385925213e63d48c0a6cc,Lucas,6.5,Vale a sessão. Gostei especialmente da fotografia e da direção.
594728d9fed4e7fb11a499c4a4442d6f588a6add1e76ad6fb74860cfe4fec81d,74fe35abcc74f2cddec8762fb0c8b1e5e6592353acb80b01e93a4fdbe4bebd56,Ana,9,Uma história que fica com a gente depois dos créditos.
9418eca0ce7625fef0f8c9b7da63a1ab272a8d96aed6d27b0085e11841de8fa5,74fe35abcc74f2cddec8762fb0c8b1e5e6592353acb80b01e93a4fdbe4bebd56,Lucas,8,Vale a sessão. Gostei especialmente da fotografia e da direção.
b4deb16e310db5e0025ad7db4dec41e32d9076bb1f06c3dfb102ae3868f175fb,23007757d54c5f8dccadcb81c6db5ab5059631fbf3e780001b832ba15faf8921,Ana,7,Uma história que fica com a gente depois dos créditos.
1b5615099950cb39e9c0be3d360653ecf54da307cfa458cd552514c639a64689,23007757d54c5f8dccadcb81c6db5ab5059631fbf3e780001b832ba15faf8921,Lucas,6,Vale a sessão. Gostei especialmente da fotografia e da direção.
199ab6c3c441cfe03ec64a5aa66a1bb84ff0a11dbe71923bf35f6281ae36f652,bdaf198fe8f31cbbce9de1c872add68808412b2fe33227454e0a510b5774ba96,Ana,8,Uma história que fica com a gente depois dos créditos.
f91cb248f34cd15934e7eb687e058eccf2fdda792dd61e8d2fc96ad65a7e6ea1,bdaf198fe8f31cbbce9de1c872add68808412b2fe33227454e0a510b5774ba96,Lucas,7,Vale a sessão. Gostei especialmente da fotografia e da direção.
eb6033c006867f4d3596363ecb41e6d01458905da417b952fbfefe3ee429675c,92d09779aa18c4fe0c308abb6409f1139d3fd6621fb15272710a0571fe7304f8,Ana,8.5,Uma história que fica com a gente depois dos créditos.
6341617d0a577c9d37b1e926d564eadacf133309d8c437f8c773cb104bedaeee,92d09779aa18c4fe0c308abb6409f1139d3fd6621fb15272710a0571fe7304f8,Lucas,7.5,Vale a sessão. Gostei especialmente da fotografia e da direção.
102304b760944da5ce8aacb332f4d74f124454698df4d03d0dfac3650d2e2240,9b98f2baa3becd8900e8b7287c4520aeadcccf20001d817a508a1c027242e9bf,Ana,9,Uma história que fica com a gente depois dos créditos.
937fe4ff3a22d08050e1bbdf89a66b8616882fc8b3c999884ccce6a0526bf7d8,9b98f2baa3becd8900e8b7287c4520aeadcccf20001d817a508a1c027242e9bf,Lucas,8,Vale a sessão. Gostei especialmente da fotografia e da direção.
